{
  "best_params": {
    "model__colsample_bytree": 0.8,
    "model__learning_rate": 0.1,
    "model__max_depth": 8,
    "model__n_estimators": 300,
    "model__num_leaves": 31,
    "model__subsample": 0.8
  },
  "cv_best_score_f1_macro": 0.6293081839816329,
  "test_metrics": {
    "accuracy": 0.8416666666666667,
    "precision": 0.47058823529411764,
    "recall": 0.21621621621621623,
    "f1": 0.2962962962962963,
    "f1_macro": 0.603547209181012
  },
  "n_train": 960,
  "n_test": 240,
  "random_state": 42,
  "test_size": 0.2
}