{
  "best_params": {
    "model__max_depth": 8,
    "model__max_features": 0.5,
    "model__min_samples_leaf": 1,
    "model__min_samples_split": 2,
    "model__n_estimators": 500
  },
  "cv_best_score_f1_macro": 0.6486050543940483,
  "test_metrics": {
    "accuracy": 0.8291666666666667,
    "precision": 0.4375,
    "recall": 0.3783783783783784,
    "f1": 0.4057971014492754,
    "f1_macro": 0.6530202052258542
  },
  "n_train": 960,
  "n_test": 240,
  "random_state": 42,
  "test_size": 0.2
}